[
{
  "name":"[Lcom.sun.glass.ui.Screen;"
},
{
  "name":"com.sun.glass.ui.Cursor",
  "methods":[{"name":"getNativeCursor","parameterTypes":[] }, {"name":"getType","parameterTypes":[] }]
},
{
  "name":"com.sun.glass.ui.Screen",
  "methods":[{"name":"<init>","parameterTypes":["long","int","int","int","int","int","int","int","int","int","int","int","int","int","int","int","float","float","float","float"] }]
},
{
  "name":"com.sun.glass.ui.Size",
  "methods":[{"name":"<init>","parameterTypes":["int","int"] }]
},
{
  "name":"com.sun.javafx.font.directwrite.DWRITE_GLYPH_METRICS",
  "fields":[{"name":"advanceHeight"}, {"name":"advanceWidth"}, {"name":"bottomSideBearing"}, {"name":"leftSideBearing"}, {"name":"rightSideBearing"}, {"name":"topSideBearing"}, {"name":"verticalOriginY"}],
  "methods":[{"name":"<init>","parameterTypes":[] }]
},
{
  "name":"com.sun.javafx.font.directwrite.DWRITE_GLYPH_RUN",
  "fields":[{"name":"advanceOffset"}, {"name":"ascenderOffset"}, {"name":"bidiLevel"}, {"name":"fontEmSize"}, {"name":"fontFace"}, {"name":"glyphAdvances"}, {"name":"glyphIndices"}, {"name":"isSideways"}],
  "methods":[{"name":"<init>","parameterTypes":[] }]
},
{
  "name":"com.sun.javafx.font.directwrite.RECT",
  "fields":[{"name":"bottom"}, {"name":"left"}, {"name":"right"}, {"name":"top"}],
  "methods":[{"name":"<init>","parameterTypes":[] }]
},
{
  "name":"com.sun.prism.impl.PrismSettings",
  "fields":[{"name":"disableD3D9Ex"}, {"name":"forceGPU"}, {"name":"isVsyncEnabled"}, {"name":"verbose"}]
},
{
  "name":"java.lang.Class",
  "methods":[{"name":"forName","parameterTypes":["java.lang.String","boolean","java.lang.ClassLoader"] }]
},
{
  "name":"java.lang.Runnable",
  "methods":[{"name":"run","parameterTypes":[] }]
}
]
