[
{
  "name":"com.sun.glass.ui.Screen"
},
{
  "name":"com.sun.javafx.font.directwrite.DWFactory",
  "methods":[{"name":"getFactory","parameterTypes":[] }]
},
{
  "name":"com.sun.javafx.logging.PrintLogger",
  "methods":[{"name":"createInstance","parameterTypes":[] }]
},
{
  "name":"com.sun.javafx.logging.jfr.JFRPulseLogger",
  "methods":[{"name":"createInstance","parameterTypes":[] }]
},
{
  "name":"com.sun.javafx.reflect.Trampoline",
  "methods":[{"name":"invoke","parameterTypes":["java.lang.reflect.Method","java.lang.Object","java.lang.Object[]"] }]
},
{
  "name":"com.sun.javafx.scene.control.skin.Utils",
  "methods":[{"name":"getResource","parameterTypes":["java.lang.String"] }]
},
{
  "name":"com.sun.javafx.tk.quantum.QuantumToolkit",
  "methods":[{"name":"<init>","parameterTypes":[] }]
},
{
  "name":"com.sun.prism.GraphicsPipeline",
  "methods":[{"name":"getFontFactory","parameterTypes":[] }, {"name":"getPipeline","parameterTypes":[] }]
},
{
  "name":"com.sun.prism.shader.FillPgram_Color_Loader",
  "methods":[{"name":"loadShader","parameterTypes":["com.sun.prism.ps.ShaderFactory","java.io.InputStream"] }]
},
{
  "name":"com.sun.prism.shader.Solid_TextureFirstPassLCD_Loader",
  "methods":[{"name":"loadShader","parameterTypes":["com.sun.prism.ps.ShaderFactory","java.io.InputStream"] }]
},
{
  "name":"com.sun.prism.shader.Solid_TextureRGB_Loader",
  "methods":[{"name":"loadShader","parameterTypes":["com.sun.prism.ps.ShaderFactory","java.io.InputStream"] }]
},
{
  "name":"com.sun.prism.shader.Solid_TextureSecondPassLCD_Loader",
  "methods":[{"name":"loadShader","parameterTypes":["com.sun.prism.ps.ShaderFactory","java.io.InputStream"] }]
},
{
  "name":"com.sun.prism.shader.Texture_Color_Loader",
  "methods":[{"name":"loadShader","parameterTypes":["com.sun.prism.ps.ShaderFactory","java.io.InputStream"] }]
},
{
  "name":"com.sun.prism.shader.Texture_LinearGradient_PAD_Loader",
  "methods":[{"name":"loadShader","parameterTypes":["com.sun.prism.ps.ShaderFactory","java.io.InputStream"] }]
},
{
  "name":"com.sun.xml.internal.stream.XMLInputFactoryImpl",
  "methods":[{"name":"<init>","parameterTypes":[] }]
},
{
  "name":"java.lang.Character",
  "methods":[{"name":"isIdeographic","parameterTypes":["int"] }]
},
{
  "name":"java.lang.Class",
  "methods":[{"name":"getModule","parameterTypes":[] }]
},
{
  "name":"java.lang.Module",
  "methods":[{"name":"getResourceAsStream","parameterTypes":["java.lang.String"] }]
},
{
  "name":"java.nio.ByteBuffer",
  "methods":[{"name":"order","parameterTypes":["java.nio.ByteOrder"] }]
},
{
  "name":"java.nio.ByteOrder",
  "methods":[{"name":"nativeOrder","parameterTypes":[] }]
},
{
  "name":"java.util.concurrent.atomic.AtomicBoolean",
  "fields":[{"name":"value"}]
},
{
  "name":"java.util.concurrent.atomic.AtomicReference",
  "fields":[{"name":"value"}]
},
{
  "name":"javafx.fxml.FXMLLoader"
},
{
  "name":"javafx.geometry.Insets",
  "queryAllPublicMethods":true,
  "queryAllPublicConstructors":true,
  "methods":[{"name":"<init>","parameterTypes":["double","double","double","double"] }]
},
{
  "name":"javafx.geometry.Pos",
  "methods":[{"name":"valueOf","parameterTypes":["java.lang.String"] }]
},
{
  "name":"javafx.scene.Camera"
},
{
  "name":"javafx.scene.Group"
},
{
  "name":"javafx.scene.Node",
  "queryAllDeclaredMethods":true,
  "methods":[{"name":"getId","parameterTypes":[] }, {"name":"setId","parameterTypes":["java.lang.String"] }]
},
{
  "name":"javafx.scene.ParallelCamera"
},
{
  "name":"javafx.scene.Parent",
  "queryAllDeclaredMethods":true
},
{
  "name":"javafx.scene.Scene"
},
{
  "name":"javafx.scene.control.Button",
  "queryAllDeclaredMethods":true,
  "queryAllPublicConstructors":true,
  "methods":[{"name":"<init>","parameterTypes":[] }]
},
{
  "name":"javafx.scene.control.ButtonBase",
  "queryAllDeclaredMethods":true
},
{
  "name":"javafx.scene.control.ComboBox",
  "queryAllDeclaredMethods":true,
  "queryAllPublicConstructors":true,
  "methods":[{"name":"<init>","parameterTypes":[] }]
},
{
  "name":"javafx.scene.control.ComboBoxBase",
  "queryAllDeclaredMethods":true
},
{
  "name":"javafx.scene.control.Control",
  "queryAllDeclaredMethods":true
},
{
  "name":"javafx.scene.control.Label",
  "queryAllDeclaredMethods":true,
  "queryAllPublicConstructors":true,
  "methods":[{"name":"<init>","parameterTypes":[] }]
},
{
  "name":"javafx.scene.control.Labeled",
  "queryAllDeclaredMethods":true,
  "methods":[{"name":"setMnemonicParsing","parameterTypes":["boolean"] }, {"name":"setText","parameterTypes":["java.lang.String"] }]
},
{
  "name":"javafx.scene.control.ListView",
  "queryAllDeclaredMethods":true,
  "queryAllPublicConstructors":true,
  "methods":[{"name":"<init>","parameterTypes":[] }]
},
{
  "name":"javafx.scene.effect.Effect"
},
{
  "name":"javafx.scene.image.Image"
},
{
  "name":"javafx.scene.layout.HBox",
  "queryAllDeclaredMethods":true,
  "queryAllPublicConstructors":true,
  "methods":[{"name":"<init>","parameterTypes":[] }, {"name":"getHgrow","parameterTypes":["javafx.scene.Node"] }, {"name":"getHgrow","parameterTypes":["javafx.scene.Parent"] }, {"name":"getHgrow","parameterTypes":["javafx.scene.layout.Pane"] }, {"name":"getHgrow","parameterTypes":["javafx.scene.layout.Region"] }, {"name":"getHgrow","parameterTypes":["javafx.scene.layout.VBox"] }, {"name":"isHgrow","parameterTypes":["javafx.scene.Parent"] }, {"name":"isHgrow","parameterTypes":["javafx.scene.layout.Pane"] }, {"name":"isHgrow","parameterTypes":["javafx.scene.layout.Region"] }, {"name":"isHgrow","parameterTypes":["javafx.scene.layout.VBox"] }, {"name":"setAlignment","parameterTypes":["javafx.geometry.Pos"] }, {"name":"setHgrow","parameterTypes":["java.lang.Object","java.lang.String"] }, {"name":"setHgrow","parameterTypes":["javafx.css.Styleable","java.lang.String"] }, {"name":"setHgrow","parameterTypes":["javafx.event.EventTarget","java.lang.String"] }, {"name":"setHgrow","parameterTypes":["javafx.scene.Node","java.lang.String"] }, {"name":"setHgrow","parameterTypes":["javafx.scene.Node","javafx.scene.layout.Priority"] }, {"name":"setHgrow","parameterTypes":["javafx.scene.Parent","java.lang.String"] }, {"name":"setHgrow","parameterTypes":["javafx.scene.Parent","javafx.scene.layout.Priority"] }, {"name":"setHgrow","parameterTypes":["javafx.scene.layout.Pane","java.lang.String"] }, {"name":"setHgrow","parameterTypes":["javafx.scene.layout.Pane","javafx.scene.layout.Priority"] }, {"name":"setHgrow","parameterTypes":["javafx.scene.layout.Region","java.lang.String"] }, {"name":"setHgrow","parameterTypes":["javafx.scene.layout.Region","javafx.scene.layout.Priority"] }, {"name":"setHgrow","parameterTypes":["javafx.scene.layout.VBox","java.lang.String"] }, {"name":"setHgrow","parameterTypes":["javafx.scene.layout.VBox","javafx.scene.layout.Priority"] }, {"name":"setSpacing","parameterTypes":["double"] }]
},
{
  "name":"javafx.scene.layout.Pane",
  "queryAllDeclaredMethods":true,
  "methods":[{"name":"getChildren","parameterTypes":[] }]
},
{
  "name":"javafx.scene.layout.Priority",
  "methods":[{"name":"valueOf","parameterTypes":["java.lang.String"] }]
},
{
  "name":"javafx.scene.layout.Region",
  "queryAllDeclaredMethods":true,
  "methods":[{"name":"setMaxHeight","parameterTypes":["double"] }, {"name":"setMaxWidth","parameterTypes":["double"] }, {"name":"setMinHeight","parameterTypes":["double"] }, {"name":"setMinWidth","parameterTypes":["double"] }, {"name":"setPadding","parameterTypes":["javafx.geometry.Insets"] }, {"name":"setPrefHeight","parameterTypes":["double"] }, {"name":"setPrefWidth","parameterTypes":["double"] }]
},
{
  "name":"javafx.scene.layout.VBox",
  "queryAllDeclaredMethods":true,
  "queryAllPublicConstructors":true,
  "methods":[{"name":"<init>","parameterTypes":[] }, {"name":"getVgrow","parameterTypes":["javafx.scene.Node"] }, {"name":"getVgrow","parameterTypes":["javafx.scene.Parent"] }, {"name":"getVgrow","parameterTypes":["javafx.scene.control.Control"] }, {"name":"getVgrow","parameterTypes":["javafx.scene.control.ListView"] }, {"name":"getVgrow","parameterTypes":["javafx.scene.control.Skinnable"] }, {"name":"getVgrow","parameterTypes":["javafx.scene.layout.Region"] }, {"name":"isVgrow","parameterTypes":["javafx.scene.Parent"] }, {"name":"isVgrow","parameterTypes":["javafx.scene.control.Control"] }, {"name":"isVgrow","parameterTypes":["javafx.scene.control.ListView"] }, {"name":"isVgrow","parameterTypes":["javafx.scene.control.Skinnable"] }, {"name":"isVgrow","parameterTypes":["javafx.scene.layout.Region"] }, {"name":"setAlignment","parameterTypes":["javafx.geometry.Pos"] }, {"name":"setVgrow","parameterTypes":["java.lang.Object","java.lang.String"] }, {"name":"setVgrow","parameterTypes":["javafx.css.Styleable","java.lang.String"] }, {"name":"setVgrow","parameterTypes":["javafx.event.EventTarget","java.lang.String"] }, {"name":"setVgrow","parameterTypes":["javafx.scene.Node","java.lang.String"] }, {"name":"setVgrow","parameterTypes":["javafx.scene.Node","javafx.scene.layout.Priority"] }, {"name":"setVgrow","parameterTypes":["javafx.scene.Parent","java.lang.String"] }, {"name":"setVgrow","parameterTypes":["javafx.scene.Parent","javafx.scene.layout.Priority"] }, {"name":"setVgrow","parameterTypes":["javafx.scene.control.Control","java.lang.String"] }, {"name":"setVgrow","parameterTypes":["javafx.scene.control.Control","javafx.scene.layout.Priority"] }, {"name":"setVgrow","parameterTypes":["javafx.scene.control.ListView","java.lang.String"] }, {"name":"setVgrow","parameterTypes":["javafx.scene.control.ListView","javafx.scene.layout.Priority"] }, {"name":"setVgrow","parameterTypes":["javafx.scene.control.Skinnable","java.lang.String"] }, {"name":"setVgrow","parameterTypes":["javafx.scene.control.Skinnable","javafx.scene.layout.Priority"] }, {"name":"setVgrow","parameterTypes":["javafx.scene.layout.Region","java.lang.String"] }, {"name":"setVgrow","parameterTypes":["javafx.scene.layout.Region","javafx.scene.layout.Priority"] }]
},
{
  "name":"javafx.scene.shape.Rectangle"
},
{
  "name":"javafx.scene.shape.SVGPath"
},
{
  "name":"javafx.scene.shape.Shape"
},
{
  "name":"javafx.scene.text.Font"
},
{
  "name":"javafx.scene.text.Text"
},
{
  "name":"javafx.scene.transform.Transform"
},
{
  "name":"javafx.scene.web.WebView"
},
{
  "name":"javafx.stage.Stage"
},
{
  "name":"javafx.stage.Window"
},
{
  "name":"moe.maika.fmaptracker.Tracker",
  "methods":[{"name":"<init>","parameterTypes":[] }, {"name":"main","parameterTypes":["java.lang.String[]"] }]
},
{
  "name":"sun.misc.Unsafe",
  "fields":[{"name":"theUnsafe"}]
},
{
  "name":"sun.security.provider.MD5",
  "methods":[{"name":"<init>","parameterTypes":[] }]
}
]
