{
  "resources":{
  "includes":[{
    "pattern":"\\QMETA-INF/services/java.lang.System$LoggerFinder\\E"
  }, {
    "pattern": "\\Qmoe/maika/fmaptracker/sg4e_public_key.pem\\E"
  }, {
    "pattern": "\\Qmoe/maika/fmaptracker/java-wrapper.py\\E"
  },
     {
    "pattern":"\\QMETA-INF/services/javax.xml.stream.XMLInputFactory\\E"
  }, {
    "pattern":"\\Qmoe/maika/fmaptracker/tracker.fxml\\E"
  }, {
    "pattern":"java.base:\\Qjdk/internal/icu/impl/data/icudt72b/ubidi.icu\\E"
  }, {
    "pattern":"javafx.base:\\Qcom/sun/javafx/reflect/Trampoline.class\\E"
  }, {
    "pattern":"javafx.controls:\\Qcom/sun/javafx/scene/control/skin/modena/modena.bss\\E"
  }, {
    "pattern":"javafx.graphics:\\Qapi-ms-win-core-console-l1-1-0.dll\\E"
  }, {
    "pattern":"javafx.graphics:\\Qapi-ms-win-core-console-l1-2-0.dll\\E"
  }, {
    "pattern":"javafx.graphics:\\Qapi-ms-win-core-datetime-l1-1-0.dll\\E"
  }, {
    "pattern":"javafx.graphics:\\Qapi-ms-win-core-debug-l1-1-0.dll\\E"
  }, {
    "pattern":"javafx.graphics:\\Qapi-ms-win-core-errorhandling-l1-1-0.dll\\E"
  }, {
    "pattern":"javafx.graphics:\\Qapi-ms-win-core-file-l1-1-0.dll\\E"
  }, {
    "pattern":"javafx.graphics:\\Qapi-ms-win-core-file-l1-2-0.dll\\E"
  }, {
    "pattern":"javafx.graphics:\\Qapi-ms-win-core-file-l2-1-0.dll\\E"
  }, {
    "pattern":"javafx.graphics:\\Qapi-ms-win-core-handle-l1-1-0.dll\\E"
  }, {
    "pattern":"javafx.graphics:\\Qapi-ms-win-core-heap-l1-1-0.dll\\E"
  }, {
    "pattern":"javafx.graphics:\\Qapi-ms-win-core-interlocked-l1-1-0.dll\\E"
  }, {
    "pattern":"javafx.graphics:\\Qapi-ms-win-core-libraryloader-l1-1-0.dll\\E"
  }, {
    "pattern":"javafx.graphics:\\Qapi-ms-win-core-localization-l1-2-0.dll\\E"
  }, {
    "pattern":"javafx.graphics:\\Qapi-ms-win-core-memory-l1-1-0.dll\\E"
  }, {
    "pattern":"javafx.graphics:\\Qapi-ms-win-core-namedpipe-l1-1-0.dll\\E"
  }, {
    "pattern":"javafx.graphics:\\Qapi-ms-win-core-processenvironment-l1-1-0.dll\\E"
  }, {
    "pattern":"javafx.graphics:\\Qapi-ms-win-core-processthreads-l1-1-0.dll\\E"
  }, {
    "pattern":"javafx.graphics:\\Qapi-ms-win-core-processthreads-l1-1-1.dll\\E"
  }, {
    "pattern":"javafx.graphics:\\Qapi-ms-win-core-profile-l1-1-0.dll\\E"
  }, {
    "pattern":"javafx.graphics:\\Qapi-ms-win-core-rtlsupport-l1-1-0.dll\\E"
  }, {
    "pattern":"javafx.graphics:\\Qapi-ms-win-core-string-l1-1-0.dll\\E"
  }, {
    "pattern":"javafx.graphics:\\Qapi-ms-win-core-synch-l1-1-0.dll\\E"
  }, {
    "pattern":"javafx.graphics:\\Qapi-ms-win-core-synch-l1-2-0.dll\\E"
  }, {
    "pattern":"javafx.graphics:\\Qapi-ms-win-core-sysinfo-l1-1-0.dll\\E"
  }, {
    "pattern":"javafx.graphics:\\Qapi-ms-win-core-timezone-l1-1-0.dll\\E"
  }, {
    "pattern":"javafx.graphics:\\Qapi-ms-win-core-util-l1-1-0.dll\\E"
  }, {
    "pattern":"javafx.graphics:\\Qapi-ms-win-crt-conio-l1-1-0.dll\\E"
  }, {
    "pattern":"javafx.graphics:\\Qapi-ms-win-crt-convert-l1-1-0.dll\\E"
  }, {
    "pattern":"javafx.graphics:\\Qapi-ms-win-crt-environment-l1-1-0.dll\\E"
  }, {
    "pattern":"javafx.graphics:\\Qapi-ms-win-crt-filesystem-l1-1-0.dll\\E"
  }, {
    "pattern":"javafx.graphics:\\Qapi-ms-win-crt-heap-l1-1-0.dll\\E"
  }, {
    "pattern":"javafx.graphics:\\Qapi-ms-win-crt-locale-l1-1-0.dll\\E"
  }, {
    "pattern":"javafx.graphics:\\Qapi-ms-win-crt-math-l1-1-0.dll\\E"
  }, {
    "pattern":"javafx.graphics:\\Qapi-ms-win-crt-multibyte-l1-1-0.dll\\E"
  }, {
    "pattern":"javafx.graphics:\\Qapi-ms-win-crt-private-l1-1-0.dll\\E"
  }, {
    "pattern":"javafx.graphics:\\Qapi-ms-win-crt-process-l1-1-0.dll\\E"
  }, {
    "pattern":"javafx.graphics:\\Qapi-ms-win-crt-runtime-l1-1-0.dll\\E"
  }, {
    "pattern":"javafx.graphics:\\Qapi-ms-win-crt-stdio-l1-1-0.dll\\E"
  }, {
    "pattern":"javafx.graphics:\\Qapi-ms-win-crt-string-l1-1-0.dll\\E"
  }, {
    "pattern":"javafx.graphics:\\Qapi-ms-win-crt-time-l1-1-0.dll\\E"
  }, {
    "pattern":"javafx.graphics:\\Qapi-ms-win-crt-utility-l1-1-0.dll\\E"
  }, {
    "pattern":"javafx.graphics:\\Qcom/sun/glass/utils/NativeLibLoader.class\\E"
  }, {
    "pattern":"javafx.graphics:\\Qcom/sun/prism/d3d/hlsl/FillPgram_Color.obj\\E"
  }, {
    "pattern":"javafx.graphics:\\Qcom/sun/prism/d3d/hlsl/Solid_TextureFirstPassLCD.obj\\E"
  }, {
    "pattern":"javafx.graphics:\\Qcom/sun/prism/d3d/hlsl/Solid_TextureRGB.obj\\E"
  }, {
    "pattern":"javafx.graphics:\\Qcom/sun/prism/d3d/hlsl/Solid_TextureSecondPassLCD.obj\\E"
  }, {
    "pattern":"javafx.graphics:\\Qcom/sun/prism/d3d/hlsl/Texture_Color.obj\\E"
  }, {
    "pattern":"javafx.graphics:\\Qcom/sun/prism/d3d/hlsl/Texture_LinearGradient_PAD.obj\\E"
  }, {
    "pattern":"javafx.graphics:\\Qglass.dll\\E"
  }, {
    "pattern":"javafx.graphics:\\Qjavafx_font.dll\\E"
  }, {
    "pattern":"javafx.graphics:\\Qmsvcp140.dll\\E"
  }, {
    "pattern":"javafx.graphics:\\Qmsvcp140_1.dll\\E"
  }, {
    "pattern":"javafx.graphics:\\Qmsvcp140_2.dll\\E"
  }, {
    "pattern":"javafx.graphics:\\Qprism_d3d.dll\\E"
  }, {
    "pattern":"javafx.graphics:\\Qucrtbase.dll\\E"
  }, {
    "pattern":"javafx.graphics:\\Qvcruntime140.dll\\E"
  }, {
    "pattern":"javafx.graphics:\\Qvcruntime140_1.dll\\E"
  }]},
  "bundles":[{
    "name":"com.sun.javafx.tk.quantum.QuantumMessagesBundle",
    "locales":[""]
  }, {
    "name":"com/sun/glass/ui/win/themes",
    "locales":["", "en"]
  }, {
    "name":"com/sun/javafx/scene/control/skin/resources/controls",
    "locales":[""]
  }]
}
